model,method,F1_Participants,F1_Participants,F1_Restaurants,F1_Restaurants,Final_Restaurant_Match,Final_Restaurant_Match,F1_Suggestion,F1_Suggestion,F1_Response,F1_Response,F1_Mentioned,F1_Mentioned,F1_PerceptionTable,F1_PerceptionTable,F1_InterpretationTable,F1_InterpretationTable
,,mean,std,mean,std,mean,std,mean,std,mean,std,mean,std,mean,std,mean,std
GPT-4o,4-step_optimized,1.0,0.0,0.9884068650026098,0.04029820054008953,0.9574468085106383,0.20402970888857874,0.7411347517730497,0.19799267613906224,0.3365248226950355,0.344323152792813,0.961466077489396,0.11969541588013763,0.8359249939390652,0.14823659564972372,0.3675013422353848,0.25765133679666335
GPT-4o,single_prompt,1.0,0.0,0.9907512818151115,0.03371789795515039,0.9191489361702129,0.25591973764914827,0.6811347517730497,0.2189007193352286,0.28184397163120567,0.33572030032967687,0.8683485302209707,0.15106793208445216,0.7731784724844772,0.16628952539416664,0.28068450855684896,0.21147764470386043
GPT-5,4-step_optimized,1.0,0.0,0.9980657640232108,0.01326045377253587,0.9787234042553191,0.14586499149789456,0.8322695035460993,0.19073985924504777,0.5368794326241135,0.2907165927865319,0.9804120229652146,0.06385444943260193,0.8834095711620811,0.09232181690150808,0.43399617226744885,0.24840307267352754
GPT-5,single_prompt,1.0,0.0,0.9992263056092843,0.005304181509014347,0.9617021276595745,0.13601980592571916,0.6480141843971631,0.21418383405447397,0.4204255319148936,0.27925333244524786,0.9777122367491908,0.05967060132979121,0.8422270094316456,0.09931879149839293,0.3763521016021016,0.20590587068889915
