persona,model,F1_Participants,F1_Participants,F1_Restaurants,F1_Restaurants,Final_Restaurant_Match,Final_Restaurant_Match,F1_Suggestion,F1_Suggestion,F1_Response,F1_Response,F1_Mentioned,F1_Mentioned,F1_PerceptionTable,F1_PerceptionTable,F1_InterpretationTable,F1_InterpretationTable
,,mean,std,mean,std,mean,std,mean,std,mean,std,mean,std,mean,std,mean,std
American,GPT-4o,1.0,0.0,0.9687160357373122,0.09591090490272193,0.9361702127659575,0.2470922481451654,0.7517730496453902,0.20344954040197005,0.3446808510638298,0.3456616281091756,0.9466062328423174,0.15837672501266334,0.8518357126839354,0.1378902129184129,0.3651456532041638,0.2573216597887135
American,GPT-5,1.0,0.0,1.0,0.0,1.0,0.0,0.8209219858156029,0.2281374936385957,0.5386524822695036,0.29410690124450733,0.985612968591692,0.0494333509819652,0.882303524909039,0.09043262733931245,0.450093912194976,0.23026451235154755
Japanese,GPT-4o,1.0,0.0,0.9884068650026098,0.04029820054008953,0.9574468085106383,0.20402970888857874,0.7411347517730497,0.19799267613906224,0.3365248226950355,0.344323152792813,0.961466077489396,0.11969541588013763,0.8359249939390652,0.14823659564972372,0.3675013422353848,0.25765133679666335
Japanese,GPT-5,1.0,0.0,0.9980657640232108,0.01326045377253587,0.9787234042553191,0.14586499149789456,0.8322695035460993,0.19073985924504777,0.5368794326241135,0.2907165927865319,0.9804120229652146,0.06385444943260193,0.8834095711620811,0.09232181690150808,0.43399617226744885,0.24840307267352754
