persona,model,Suggestion_Strong,Suggestion_Moderate,Suggestion_Weak,Response_Agreeable,Response_Moderate,Response_Disagreeable,Perception_Positive,Perception_Neutral,Perception_Negative,Perception_Mix,Factor_A1,Factor_A2,Factor_A3,Factor_A4,Factor_A5,Factor_A6,Factor_A7
Japanese,GPT-5,0.8055555555555555,0.8864726631393297,0.6450980392156863,0.7714285714285716,0.5382653061224489,0.27777777777777773,0.7514836535798,0.8546719818259201,0.5015632515632517,0.42229437229437233,0.5193060553515132,0.5481529581529582,0.8071428571428572,0.4428571428571429,0.544867724867725,0.6437579963895752,0.10638614817676602
Japanese,GPT-4o,0.38888888888888884,0.8183774250440916,0.6647058823529413,0.7148904006046863,0.1594104308390023,0.1111111111111111,0.6532021739048257,0.7744392365559907,0.39351851851851843,0.1212121212121212,0.48576749125340835,0.3401154401154401,0.6,0.08333333333333334,0.33619047619047626,0.6091592617908408,0.013157894736842105
American,GPT-5,0.8888888888888888,0.8829982363315695,0.5392156862745098,0.7857142857142857,0.5545351473922903,0.27777777777777773,0.7515151964645869,0.8584325638740253,0.4618831168831169,0.44221763085399446,0.554549843672399,0.5507407407407408,0.825,0.35,0.43619047619047613,0.6511792301265986,0.13929583804930068
American,GPT-4o,0.3055555555555555,0.82705467372134,0.7019607843137255,0.7117157974300832,0.19104308390022676,0.1111111111111111,0.6904147769641107,0.7965369309295642,0.365542328042328,0.07575757575757575,0.496340587517058,0.45492063492063495,0.475,0.125,0.34825396825396826,0.6115705931495404,0.0
